[
  [
    "ARS",
    "Arsenal",
    "Arsenal Football Club, AFC, Arsenal FC"
  ],
  [
    "AVL",
    "Aston Villa",
    "Aston Villa FC"
  ],
  [
    "BOU",
    "Bournemouth",
    "AFC Bournemouth, Athletic Football Club Bournemouth"
  ],
  [
    "BRE",
    "Brentford",
    "Brentford Football Club, Brentford FC, BFC"
  ],
  [
    "BRI",
    "Brighton",
    "Brighton & Hove Albion, Brighton and Hove Albion"
  ],
  [
    "CHE",
    "Chelsea",
    "Chelsea FC"
  ],
  [
    "CRY",
    "Crystal Palace",
    "Palace"
  ],
  [
    "EVE",
    "Everton",
    "Everton FC"
  ],
  [
    "FUL",
    "Fulham",
    "Fulham FC"
  ],
  [
    "IPS",
    "Ipswich",
    "Ipswich Town"
  ],
  [
    "LEI",
    "Leicester",
    "Leicester City"
  ],
  [
    "LIV",
    "Liverpool",
    "Liverpool FC"
  ],
  [
    "MCI",
    "Manchester City",
    "Man City"
  ],
  [
    "MUN",
    "Manchester United",
    "Man Utd"
  ],
  [
    "NEW",
    "Newcastle",
    "Newcastle United"
  ],
  [
    "NOT",
    "Nottingham Forest",
    "Nott Forest"
  ],
  [
    "SOU",
    "Southampton",
    "Southampton FC"
  ],
  [
    "TOT",
    "Tottenham",
    "Tottenham Hotspur"
  ],
  [
    "WHU",
    "West Ham",
    "West Ham United"
  ],
  [
    "WOL",
    "Wolves",
    "Wolverhampton Wanderers FC"
  ],
  [
    "BBR",
    "Blackburn",
    "Blackburn Rovers"
  ],
  [
    "BSC",
    "Bristol City",
    "Bristol City Football Club"
  ],
  [
    "BUR",
    "Burnley",
    "Burnley FC"
  ],
  [
    "CDF",
    "Cardiff",
    "Cardiff City"
  ],
  [
    "CVC",
    "Coventry",
    "Coventry City, CCFC"
  ],
  [
    "DRB",
    "Derby",
    "Derby County"
  ],
  [
    "HUL",
    "Hull",
    "Hull City AFC, HCAFC"
  ],
  [
    "LEE",
    "Leeds",
    "Leeds United FC"
  ],
  [
    "LUT",
    "Luton",
    "Luton Town"
  ],
  [
    "MID",
    "Middlesbrough",
    ""
  ],
  [
    "MLW",
    "Millwall",
    "Millwall"
  ],
  [
    "NOR",
    "Norwich",
    "Norwich City Football Club, Norwich City FC"
  ],
  [
    "OXF",
    "Oxford Utd",
    "Oxford United"
  ],
  [
    "PLA",
    "Plymouth",
    "Plymouth Argyle, PAFC"
  ],
  [
    "PTM",
    "Portsmouth",
    "Portsmouth Football Club"
  ],
  [
    "PNE",
    "Preston",
    "Preston North End"
  ],
  [
    "QPR",
    "QPR",
    "Queens Park Rangers"
  ],
  [
    "SHU",
    "Sheffield United",
    "Sheffield Utd"
  ],
  [
    "SHF",
    "Sheffield Weds",
    "Sheffield Wednesday"
  ],
  [
    "STK",
    "Stoke",
    "Sok"
  ],
  [
    "SUN",
    "Sunderland",
    "Sunderland Association Football Club"
  ],
  [
    "SWA",
    "Swansea",
    "Swansea City"
  ],
  [
    "WAT",
    "Watford",
    "Watford Football Club"
  ],
  [
    "WBA",
    "West Brom",
    "West Bromwich Albion FC"
  ],
  [
    "BRS",
    "Barnsley",
    "Barnsley Football Club"
  ],
  [
    "BRC",
    "Birmingham",
    "Birmingham City"
  ],
  [
    "BLK",
    "Blackpool",
    "Blackpool FC"
  ],
  [
    "BOL",
    "Bolton",
    "Bolton Wanderers, BWFC"
  ],
  [
    "BRR",
    "Bristol Rovers",
    "Bristol Rovers Football Club"
  ],
  [
    "BRA",
    "Burton",
    "Burton Albion"
  ],
  [
    "CMU",
    "Cambridge United",
    "Cambridge United FC"
  ],
  [
    "CHA",
    "Charlton",
    "Charlton Athletic, CAFC"
  ],
  [
    "CRT",
    "Crawley",
    "Crawley Town, Crawley Town FC"
  ],
  [
    "EXE",
    "Exeter",
    "Exeter City"
  ],
  [
    "HDD",
    "Huddersfield Town",
    "Huddersfield Town AFC"
  ],
  [
    "LEY",
    "Leyton Orient",
    "Orient"
  ],
  [
    "LNC",
    "Lincoln",
    "Lincoln City"
  ],
  [
    "MSF",
    "Mansfield",
    "Mansfield Town"
  ],
  [
    "NHT",
    "Northampton",
    "Northampton Town, NTFC"
  ],
  [
    "PTU",
    "Peterboro",
    "Peterborough United"
  ],
  [
    "RDG",
    "Reading",
    "Reading FC"
  ],
  [
    "RTU",
    "Rotherham",
    "Rotherham United, RUFC"
  ],
  [
    "SHT",
    "Shrewsbury",
    "Shrewsbury Town"
  ],
  [
    "STV",
    "Stevenage",
    "Stevenage Football Club, Stevenage Borough Football Club"
  ],
  [
    "STO",
    "Stockport",
    "Stockport County"
  ],
  [
    "WIG",
    "Wigan",
    "Wigan Athletic, WAFC"
  ],
  [
    "WRE",
    "Wrexham",
    ""
  ],
  [
    "WYC",
    "Wycombe",
    "Wycombe Wanderers, WWFC"
  ],
  [
    "ACC",
    "Accrington",
    "Accrington Stanley"
  ],
  [
    "AWM",
    "AFC Wimbledon",
    "AFC Wimbledon"
  ],
  [
    "BRW",
    "Barrow",
    "Barrow Association Football Club, BAFC"
  ],
  [
    "BDC",
    "Bradford",
    "Bradford City"
  ],
  [
    "",
    "Bromley",
    ""
  ],
  [
    "CRU",
    "Carlisle",
    "Carlisle United"
  ],
  [
    "CTT",
    "Cheltenham",
    "Cheltenham Town"
  ],
  [
    "",
    "Chesterfield",
    ""
  ],
  [
    "CLU",
    "Colchester",
    "Colchester United"
  ],
  [
    "CAX",
    "Crewe",
    "Crewe Alexandra"
  ],
  [
    "DNR",
    "Doncaster",
    "Doncaster Rovers"
  ],
  [
    "FLT",
    "Fleetwood Town",
    "Fleetwood Town Football Club, FTFC"
  ],
  [
    "GLG",
    "Gillingham",
    "Gillingham Football Club"
  ],
  [
    "GBT",
    "Grimsby",
    "Grimsby Town"
  ],
  [
    "HAT",
    "Harrogate Town FC",
    "Harrogate, Harrogate Town AFC"
  ],
  [
    "MKD",
    "Milton Keynes Dons",
    "MK Dons, MKDONS, Milton Keynes Dons Football Club"
  ],
  [
    "MRC",
    "Morecambe",
    "Morecambe Football Club"
  ],
  [
    "MPT",
    "Newport",
    "Newport County"
  ],
  [
    "NTC",
    "Notts County",
    "County"
  ],
  [
    "PTV",
    "Port Vale",
    "Vale, Port Vale FC"
  ],
  [
    "SAL",
    "Salford City",
    "Salford, Salford City FC"
  ],
  [
    "SWI",
    "Swindon",
    "Swindon Town, STFC"
  ],
  [
    "TRR",
    "Tranmere",
    "Tranmere Rovers"
  ],
  [
    "WSL",
    "Walsall",
    ""
  ],
  [
    "",
    "Aberdare Athletic FC",
    "Aberdare Athletic"
  ],
  [
    "",
    "Bootle FC",
    "Bootle"
  ],
  [
    "",
    "Burton Swifts",
    ""
  ],
  [
    "",
    "Burton United FC",
    "Burton United"
  ],
  [
    "",
    "Durham City AFC",
    "Durham City"
  ],
  [
    "",
    "Glossop North End AFC",
    "Glossop North End"
  ],
  [
    "",
    "Hereford United FC",
    "Hereford United"
  ],
  [
    "",
    "Leeds City FC",
    "Leeds City"
  ],
  [
    "",
    "Loughborough FC",
    "Loughborough"
  ],
  [
    "",
    "Middlesbrough Ironopolis FC",
    "Middlesbrough Ironopolis"
  ],
  [
    "",
    "Nelson FC",
    "Nelson"
  ],
  [
    "",
    "New Brighton AFC",
    "New Brighton"
  ],
  [
    "",
    "New Brighton Tower FC",
    "New Brighton Tower"
  ],
  [
    "",
    "Rotherham Town FC",
    "Rotherham Town"
  ],
  [
    "",
    "Scarborough FC",
    "Scarborough"
  ],
  [
    "",
    "Thames AFC",
    "Thames"
  ],
  [
    "",
    "Wigan Borough FC",
    "Wigan Borough"
  ],
  [
    "",
    "Wimbledon FC",
    "Wimbledon Football Club"
  ],
  [
    "",
    "Workington AFC",
    "Workington"
  ],
  [
    "",
    "Darwen FC",
    "Darwen"
  ],
  [
    "",
    "AFC Fylde",
    "Association Football Club Fylde"
  ],
  [
    "",
    "Aldershot",
    "Aldershot Town"
  ],
  [
    "ALT",
    "Altrincham",
    "Altrincham Football Club"
  ],
  [
    "",
    "Barnet",
    ""
  ],
  [
    "",
    "Boston United FC",
    "Boston United"
  ],
  [
    "",
    "Braintree Town",
    ""
  ],
  [
    "DAG",
    "Dagenham and Redbridge",
    "Dagenham & Redbridge"
  ],
  [
    "EAS",
    "Eastleigh",
    ""
  ],
  [
    "",
    "Ebbsfleet United",
    "Ebbsfleet United Football Club, Gravesend & Northfleet, Gravesend and Northfleet"
  ],
  [
    "FGR",
    "Forest Green Rovers",
    "Green Devils, FGR, FGRFC, Forest Green"
  ],
  [
    "GAT",
    "Gateshead FC",
    "Gateshead"
  ],
  [
    "",
    "Halifax",
    "Halifax Town"
  ],
  [
    "HAR",
    "Hartlepool",
    "Hartlepool United"
  ],
  [
    "",
    "Maidenhead United",
    ""
  ],
  [
    "",
    "Oldham",
    "Oldham Athletic"
  ],
  [
    "RCH",
    "Rochdale",
    "Rochdale Association Football Club"
  ],
  [
    "SOL",
    "Solihull Moors",
    ""
  ],
  [
    "",
    "Southend",
    "Southend United"
  ],
  [
    "SUU",
    "Sutton United",
    "Sutton Utd, SUFC"
  ],
  [
    "",
    "Tamworth",
    "Tamworth Football Club, Tamworth FC"
  ],
  [
    "",
    "Wealdstone",
    "Wealdstone Football Club"
  ],
  [
    "",
    "Woking",
    ""
  ],
  [
    "YEO",
    "Yeovil",
    "Yeovil Town"
  ],
  [
    "",
    "York",
    "York City"
  ],
  [
    "",
    "Ashton",
    ""
  ],
  [
    "",
    "Bamber Bridge",
    ""
  ],
  [
    "",
    "Basford Utd.",
    ""
  ],
  [
    "",
    "Blyth Spartans",
    ""
  ],
  [
    "",
    "FC United of Manchester",
    "FC United"
  ],
  [
    "",
    "Gainsborough",
    "Gainsborough Trinity"
  ],
  [
    "",
    "Guiseley",
    "Guiseley AFC"
  ],
  [
    "",
    "Hebburn Town",
    ""
  ],
  [
    "",
    "Hyde United",
    ""
  ],
  [
    "",
    "Ilkeston Town",
    ""
  ],
  [
    "",
    "Lancaster City",
    ""
  ],
  [
    "",
    "Leek Town",
    ""
  ],
  [
    "",
    "Macclesfield",
    "Macclesfield Football Club"
  ],
  [
    "",
    "Matlock",
    ""
  ],
  [
    "",
    "Mickleover Sports",
    ""
  ],
  [
    "",
    "Morpeth Town",
    "The Highwaymen"
  ],
  [
    "",
    "Prescot Cables",
    ""
  ],
  [
    "",
    "Stockton Town",
    ""
  ],
  [
    "",
    "Warrington Rylands",
    ""
  ],
  [
    "",
    "Whitby Town",
    ""
  ],
  [
    "",
    "Workington",
    ""
  ],
  [
    "",
    "Worksop Town",
    ""
  ],
  [
    "",
    "Billericay",
    "Billericay Town"
  ],
  [
    "",
    "Bognor Regis Town",
    "Bognor Regis Town FC"
  ],
  [
    "",
    "Bowers and  Pitsea",
    ""
  ],
  [
    "",
    "Canvey",
    "Canvey Island F.C."
  ],
  [
    "",
    "Carshalton Athletic",
    ""
  ],
  [
    "",
    "Chatham Town",
    "Chatham Town Football Club"
  ],
  [
    "",
    "Cheshunt",
    ""
  ],
  [
    "",
    "Chichester City",
    ""
  ],
  [
    "",
    "Cray Valley PM",
    ""
  ],
  [
    "",
    "Cray Wanderers",
    ""
  ],
  [
    "",
    "Dartford",
    "DAR"
  ],
  [
    "",
    "Dover",
    "Dover Athletic"
  ],
  [
    "",
    "Dulwich Hamlet",
    ""
  ],
  [
    "",
    "Folkestone Invicta",
    ""
  ],
  [
    "",
    "Hashtag United",
    ""
  ],
  [
    "",
    "Hastings United",
    ""
  ],
  [
    "",
    "Hendon",
    ""
  ],
  [
    "",
    "Horsham",
    ""
  ],
  [
    "",
    "Lewes",
    ""
  ],
  [
    "",
    "Potters Bar Town",
    ""
  ],
  [
    "",
    "Whitehawk",
    ""
  ],
  [
    "",
    "Wingate and  Finchley",
    ""
  ],
  [
    "",
    "AFC Totton",
    ""
  ],
  [
    "",
    "Basingstoke",
    ""
  ],
  [
    "",
    "Bracknell Town",
    ""
  ],
  [
    "",
    "Chertsey Town",
    ""
  ],
  [
    "",
    "Dorchester Town",
    ""
  ],
  [
    "",
    "Frome Town",
    ""
  ],
  [
    "",
    "Gloucester City",
    ""
  ],
  [
    "",
    "Gosport Borough",
    ""
  ],
  [
    "",
    "Hanwell Town",
    ""
  ],
  [
    "",
    "Havant and  Waterlooville",
    ""
  ],
  [
    "",
    "Hungerford Town",
    ""
  ],
  [
    "",
    "Marlow",
    ""
  ],
  [
    "",
    "Merthyr Town",
    "Merthyr Town"
  ],
  [
    "",
    "Plymouth Parkway",
    ""
  ],
  [
    "",
    "Poole Town F.C",
    ""
  ],
  [
    "",
    "Sholing",
    ""
  ],
  [
    "",
    "Swindon Supermarine",
    ""
  ],
  [
    "",
    "Taunton Town",
    ""
  ],
  [
    "",
    "Tiverton Town",
    ""
  ],
  [
    "",
    "Walton and  Hersham",
    "Walton and Hersham Football Club"
  ],
  [
    "",
    "Wimborne Town",
    ""
  ],
  [
    "",
    "Winchester City",
    ""
  ],
  [
    "",
    "Alfreton Town",
    ""
  ],
  [
    "",
    "Brackley Town",
    ""
  ],
  [
    "",
    "Buxton F.C.",
    ""
  ],
  [
    "",
    "Chester City",
    "Chester"
  ],
  [
    "",
    "Chorley",
    "Chorley Football Club"
  ],
  [
    "",
    "Curzon",
    "Curzon Ashton F.C."
  ],
  [
    "",
    "Darlington F.C.",
    "Darlington"
  ],
  [
    "",
    "Farsley Celtic",
    ""
  ],
  [
    "",
    "Hereford",
    ""
  ],
  [
    "KID",
    "Kidderminster Harriers",
    ""
  ],
  [
    "",
    "Kings Lynn Town",
    "Kings Lynn Town Football Club, KLTFC, King’s Lynn"
  ],
  [
    "",
    "Leamington",
    ""
  ],
  [
    "",
    "Marine",
    "Marine Football Club, \tMarine FC, Marine AFC"
  ],
  [
    "",
    "Needham Market",
    ""
  ],
  [
    "",
    "Oxford City",
    ""
  ],
  [
    "",
    "Peterborough Sports",
    ""
  ],
  [
    "",
    "Radcliffe",
    "Radcliffe FC"
  ],
  [
    "",
    "Rushall Olympic",
    ""
  ],
  [
    "",
    "Scarborough Athletic",
    ""
  ],
  [
    "",
    "Scunthorpe",
    "Scunthorpe United"
  ],
  [
    "",
    "South Shields",
    ""
  ],
  [
    "",
    "Southport",
    ""
  ],
  [
    "",
    "Spennymoor Town FC",
    ""
  ],
  [
    "",
    "Warrington Town",
    ""
  ],
  [
    "",
    "Aveley",
    ""
  ],
  [
    "",
    "Bath City",
    ""
  ],
  [
    "",
    "Boreham Wood",
    "Boreham Wood FC"
  ],
  [
    "",
    "Chelmsford",
    ""
  ],
  [
    "",
    "Chesham United",
    ""
  ],
  [
    "",
    "Chippenham Town FC",
    ""
  ],
  [
    "",
    "Dorking Wanderers",
    ""
  ],
  [
    "",
    "Eastbourne Borough",
    "Eastbourne Borough Football Club"
  ],
  [
    "",
    "Enfield Town",
    ""
  ],
  [
    "",
    "Farnborough",
    ""
  ],
  [
    "",
    "Hampton and  Richmond",
    "HRBFC, Hampton & Richmond Borough Football Club, Hampton FC"
  ],
  [
    "",
    "Hemel Hempstead Town FC",
    ""
  ],
  [
    "",
    "Hornchurch",
    ""
  ],
  [
    "",
    "Maidstone",
    "Maidstone United"
  ],
  [
    "",
    "Salisbury",
    ""
  ],
  [
    "",
    "Slough Town",
    ""
  ],
  [
    "STA",
    "St Albans City",
    ""
  ],
  [
    "",
    "Tonbridge Angels",
    ""
  ],
  [
    "",
    "Torquay",
    "Torquay United"
  ],
  [
    "",
    "Truro City",
    ""
  ],
  [
    "",
    "Welling United",
    ""
  ],
  [
    "",
    "Weston-super-Mare FC",
    ""
  ],
  [
    "",
    "Weymouth",
    "Weymouth Football Club, Weymouth FC"
  ],
  [
    "WOR",
    "Worthing",
    ""
  ],
  [
    "",
    "AFC Croydon Athletic",
    ""
  ],
  [
    "",
    "AFC Dunstable",
    ""
  ],
  [
    "",
    "AFC Fylde",
    "Association Football Club Fylde"
  ],
  [
    "",
    "AFC Kempston Rovers",
    ""
  ],
  [
    "",
    "AFC Sudbury",
    ""
  ],
  [
    "",
    "AFC Telford United",
    "Telford United"
  ],
  [
    "",
    "AFC Totton",
    ""
  ],
  [
    "",
    "Aldershot",
    "Aldershot Town"
  ],
  [
    "",
    "Alfreton Town",
    ""
  ],
  [
    "ALT",
    "Altrincham",
    "Altrincham Football Club"
  ],
  [
    "",
    "Alvechurch",
    ""
  ],
  [
    "",
    "Ashford United",
    ""
  ],
  [
    "",
    "Ashton",
    ""
  ],
  [
    "",
    "Atherton Collieries",
    "The Colls"
  ],
  [
    "",
    "Aveley",
    ""
  ],
  [
    "",
    "Avro",
    "Avro Football Club, Avro FC"
  ],
  [
    "",
    "Aylesbury",
    "Aylesbury United"
  ],
  [
    "",
    "Badshot Lea",
    "Badshot Lea Football Club, Badshot Lea FC, BLFC"
  ],
  [
    "",
    "Banbury",
    "Banbury United"
  ],
  [
    "",
    "Barnet",
    ""
  ],
  [
    "",
    "Barton Rovers",
    ""
  ],
  [
    "",
    "Basildon United",
    ""
  ],
  [
    "",
    "Basingstoke",
    ""
  ],
  [
    "",
    "Bath City",
    ""
  ],
  [
    "",
    "Beaconsfield Town",
    ""
  ],
  [
    "",
    "Bedford Town",
    ""
  ],
  [
    "",
    "Bemerton Heath Harlequins",
    "Bemerton Heath Harlequins Football Club, Bemerton Heath Harlequins FC, BHHFC"
  ],
  [
    "",
    "Berkhamsted",
    ""
  ],
  [
    "",
    "Bideford",
    ""
  ],
  [
    "",
    "Biggleswade Town",
    ""
  ],
  [
    "",
    "Bishops Cleeve",
    "Bishops Cleeve Football Club"
  ],
  [
    "",
    "Bishops Stortford",
    ""
  ],
  [
    "",
    "Blyth Spartans",
    ""
  ],
  [
    "",
    "Bognor Regis Town",
    "Bognor Regis Town FC"
  ],
  [
    "",
    "Boreham Wood",
    "Boreham Wood FC"
  ],
  [
    "",
    "Boston United FC",
    "Boston United"
  ],
  [
    "",
    "Bowers and  Pitsea",
    ""
  ],
  [
    "",
    "Brackley Town",
    ""
  ],
  [
    "",
    "Bracknell Town",
    ""
  ],
  [
    "",
    "Bradford Park Avenue",
    ""
  ],
  [
    "",
    "Braintree Town",
    ""
  ],
  [
    "",
    "Bridlington Town",
    ""
  ],
  [
    "",
    "Brightlingsea Regent",
    "Brightlingsea Regent FC"
  ],
  [
    "",
    "Bristol Manor Farm",
    ""
  ],
  [
    "",
    "Broadbridge Heath",
    "Broadbridge Heath Football Club, BHFC"
  ],
  [
    "",
    "Burgess Hill Town",
    ""
  ],
  [
    "",
    "Bury Town",
    ""
  ],
  [
    "",
    "Buxton F.C.",
    ""
  ],
  [
    "",
    "Chatham Town",
    "Chatham Town Football Club"
  ],
  [
    "",
    "Chelmsford",
    ""
  ],
  [
    "ACC",
    "Accrington",
    "Accrington Stanley"
  ],
  [
    "AWM",
    "AFC Wimbledon",
    "AFC Wimbledon"
  ],
  [
    "",
    "Arsenal U21",
    ""
  ],
  [
    "",
    "Aston Villa U21",
    ""
  ],
  [
    "BRS",
    "Barnsley",
    "Barnsley Football Club"
  ],
  [
    "BRW",
    "Barrow",
    "Barrow Association Football Club, BAFC"
  ],
  [
    "BRC",
    "Birmingham",
    "Birmingham City"
  ],
  [
    "BLK",
    "Blackpool",
    "Blackpool FC"
  ],
  [
    "BOL",
    "Bolton",
    "Bolton Wanderers, BWFC"
  ],
  [
    "BDC",
    "Bradford",
    "Bradford City"
  ],
  [
    "",
    "Brighton U21",
    ""
  ],
  [
    "BRR",
    "Bristol Rovers",
    "Bristol Rovers Football Club"
  ],
  [
    "",
    "Bromley",
    ""
  ],
  [
    "BRA",
    "Burton",
    "Burton Albion"
  ],
  [
    "CMU",
    "Cambridge United",
    "Cambridge United FC"
  ],
  [
    "CRU",
    "Carlisle",
    "Carlisle United"
  ],
  [
    "CHA",
    "Charlton",
    "Charlton Athletic, CAFC"
  ],
  [
    "",
    "Chelsea U21",
    ""
  ],
  [
    "CTT",
    "Cheltenham",
    "Cheltenham Town"
  ],
  [
    "",
    "Chesterfield",
    ""
  ],
  [
    "CLU",
    "Colchester",
    "Colchester United"
  ],
  [
    "CRT",
    "Crawley",
    "Crawley Town, Crawley Town FC"
  ],
  [
    "CAX",
    "Crewe",
    "Crewe Alexandra"
  ],
  [
    "",
    "Crystal Palace U21",
    "Crystal Palace Academy, Crystal Palace Reserves"
  ],
  [
    "DNR",
    "Doncaster",
    "Doncaster Rovers"
  ],
  [
    "",
    "Everton U21",
    "Everton Academy, Everton Reserves"
  ],
  [
    "EXE",
    "Exeter",
    "Exeter City"
  ],
  [
    "FLT",
    "Fleetwood Town",
    "Fleetwood Town Football Club, FTFC"
  ],
  [
    "GLG",
    "Gillingham",
    "Gillingham Football Club"
  ],
  [
    "GBT",
    "Grimsby",
    "Grimsby Town"
  ],
  [
    "HAT",
    "Harrogate Town FC",
    "Harrogate, Harrogate Town AFC"
  ],
  [
    "HDD",
    "Huddersfield Town",
    "Huddersfield Town AFC"
  ],
  [
    "IPS",
    "Ipswich",
    "Ipswich Town"
  ],
  [
    "",
    "Leeds United U21",
    ""
  ],
  [
    "",
    "Leicester U21",
    ""
  ],
  [
    "LEY",
    "Leyton Orient",
    "Orient"
  ],
  [
    "LNC",
    "Lincoln",
    "Lincoln City"
  ],
  [
    "",
    "Liverpool U21",
    ""
  ],
  [
    "",
    "Manchester City U21",
    ""
  ],
  [
    "",
    "Manchester United U21",
    ""
  ],
  [
    "MSF",
    "Mansfield",
    "Mansfield Town"
  ],
  [
    "MKD",
    "Milton Keynes Dons",
    "MK Dons, MKDONS, Milton Keynes Dons Football Club"
  ],
  [
    "MRC",
    "Morecambe",
    "Morecambe Football Club"
  ],
  [
    "",
    "Newcastle United U21",
    ""
  ],
  [
    "MPT",
    "Newport",
    "Newport County"
  ],
  [
    "NHT",
    "Northampton",
    "Northampton Town, NTFC"
  ],
  [
    "",
    "Nottingham Forest U21",
    ""
  ],
  [
    "NTC",
    "Notts County",
    "County"
  ],
  [
    "PTU",
    "Peterboro",
    "Peterborough United"
  ],
  [
    "PTV",
    "Port Vale",
    "Vale, Port Vale FC"
  ],
  [
    "",
    "Arsenal WFC",
    ""
  ],
  [
    "",
    "Aston Villa WFC",
    "AVFC, Aston Villa"
  ],
  [
    "",
    "Brighton WFC",
    ""
  ],
  [
    "",
    "Chelsea Women",
    ""
  ],
  [
    "",
    "Crystal Palace FC Women",
    "Crystal Palace Football Club Women"
  ],
  [
    "",
    "Everton FC Women",
    ""
  ],
  [
    "",
    "Leicester City WFC",
    "Leicester City Women Football Club"
  ],
  [
    "",
    "Liverpool FC Women",
    "Liverpool Women"
  ],
  [
    "",
    "Manchester City WFC",
    "Manchester City, MCFC"
  ],
  [
    "",
    "Manchester United WFC",
    "Manchester United WFC"
  ],
  [
    "",
    "Tottenham Women",
    ""
  ],
  [
    "",
    "West Ham Women",
    ""
  ],
  [
    "",
    "Basildon United",
    ""
  ],
  [
    "",
    "Brentwood Town",
    ""
  ],
  [
    "",
    "Brightlingsea Regent",
    "Brightlingsea Regent FC"
  ],
  [
    "",
    "Bury Town",
    ""
  ],
  [
    "",
    "Cambridge City",
    ""
  ],
  [
    "",
    "Concord Rangers",
    ""
  ],
  [
    "",
    "Felixstowe and Walton United FC",
    ""
  ],
  [
    "",
    "Gorleston",
    "Gorleston Football Club"
  ],
  [
    "",
    "Grays",
    "Grays Athletic"
  ],
  [
    "",
    "Haringey Borough",
    ""
  ],
  [
    "",
    "Heybridge Swifts",
    ""
  ],
  [
    "",
    "Ipswich Wanderers",
    "IWFC, Ipswich Wanderers Football Club"
  ],
  [
    "",
    "Maldon and Tiptree",
    ""
  ],
  [
    "",
    "Mildenhall Town",
    ""
  ],
  [
    "",
    "Newmarket Town",
    ""
  ],
  [
    "",
    "Redbridge",
    "Redbridge FC, Redbridge Football Club"
  ],
  [
    "",
    "Sporting Bengal United",
    ""
  ],
  [
    "",
    "Tilbury",
    ""
  ],
  [
    "",
    "Waltham Abbey",
    ""
  ],
  [
    "",
    "Walthamstow",
    "Walthamstow Football Club, Waltham Forest, Leyton Pennant"
  ],
  [
    "",
    "Witham Town",
    ""
  ],
  [
    "",
    "Wroxham",
    "Wroxham Football Club"
  ],
  [
    "",
    "Ascot United",
    ""
  ],
  [
    "",
    "Ashford Town Middlesex",
    ""
  ],
  [
    "",
    "Badshot Lea",
    "Badshot Lea Football Club, Badshot Lea FC, BLFC"
  ],
  [
    "",
    "Binfield",
    ""
  ],
  [
    "",
    "Farnham Town",
    ""
  ],
  [
    "",
    "Guernsey",
    ""
  ],
  [
    "",
    "Hanworth Villa",
    "Hanworth Villa Football Club, HVFC"
  ],
  [
    "",
    "Harrow Borough",
    ""
  ],
  [
    "",
    "Hartley Wintney",
    ""
  ],
  [
    "",
    "Hayes and  Yeading United",
    ""
  ],
  [
    "",
    "Horndean",
    "Horndean FC, Horndean Football Club"
  ],
  [
    "",
    "Kingstonian",
    ""
  ],
  [
    "",
    "Leatherhead",
    ""
  ],
  [
    "",
    "Metropolitan Police FC",
    ""
  ],
  [
    "",
    "Moneyfields",
    ""
  ],
  [
    "",
    "Rayners Lane",
    ""
  ],
  [
    "",
    "Raynes Park Vale",
    "Raynes Park Vale Football Club, Raynes Park Vale FC, RPVFC"
  ],
  [
    "",
    "South Park",
    ""
  ],
  [
    "",
    "Southall",
    "Southall Football Club"
  ],
  [
    "",
    "Sutton Common Rovers",
    ""
  ],
  [
    "",
    "Uxbridge",
    ""
  ],
  [
    "",
    "Westfield Surrey",
    ""
  ],
  [
    "",
    "AFC Croydon Athletic",
    ""
  ],
  [
    "",
    "Ashford United",
    ""
  ],
  [
    "",
    "Beckenham Town",
    "Beckenham Town Football Club"
  ],
  [
    "",
    "Broadbridge Heath",
    "Broadbridge Heath Football Club, BHFC"
  ],
  [
    "",
    "Burgess Hill Town",
    ""
  ],
  [
    "",
    "Deal Town",
    ""
  ],
  [
    "",
    "East Grinstead Town",
    ""
  ],
  [
    "",
    "Eastbourne Town",
    ""
  ],
  [
    "",
    "Erith Town",
    ""
  ],
  [
    "",
    "Herne Bay",
    ""
  ],
  [
    "",
    "Hythe Town",
    ""
  ],
  [
    "",
    "Lancing",
    ""
  ],
  [
    "",
    "Littlehampton Town",
    "Littlehampton"
  ],
  [
    "",
    "Margate",
    "Margate FC"
  ],
  [
    "",
    "Merstham",
    ""
  ],
  [
    "",
    "Phoenix Sports",
    ""
  ],
  [
    "",
    "Ramsgate",
    ""
  ],
  [
    "",
    "Sevenoaks Town",
    ""
  ],
  [
    "",
    "Sheppey United",
    "Sheppey United Football Club"
  ],
  [
    "",
    "Sittingbourne",
    ""
  ],
  [
    "",
    "Steyning Town",
    ""
  ],
  [
    "",
    "Three Bridges",
    ""
  ],
  [
    "",
    "Bashley",
    "Bashley Football Club"
  ],
  [
    "",
    "Bemerton Heath Harlequins",
    "Bemerton Heath Harlequins Football Club, Bemerton Heath Harlequins FC, BHHFC"
  ],
  [
    "",
    "Bideford",
    ""
  ],
  [
    "",
    "Bishops Cleeve",
    "Bishops Cleeve Football Club"
  ],
  [
    "",
    "Bristol Manor Farm",
    ""
  ],
  [
    "",
    "Cinderford Town",
    ""
  ],
  [
    "",
    "Cribbs",
    "Cribbs FC, Cribbs Football Club, Royal Sunlife Assurance"
  ],
  [
    "",
    "Didcot Town",
    ""
  ],
  [
    "",
    "Evesham United",
    ""
  ],
  [
    "",
    "Exmouth",
    "Exmouth Town Football Club"
  ],
  [
    "",
    "Falmouth Town",
    ""
  ],
  [
    "HEL",
    "Helston Athletic",
    "Helston AFC"
  ],
  [
    "",
    "Larkhall Athletic",
    ""
  ],
  [
    "",
    "Malvern Town",
    "Malvern Town Football Club, MTFC, Malvern Town FC"
  ],
  [
    "",
    "Melksham Town",
    ""
  ],
  [
    "",
    "Mousehole",
    "Mousehole Association Football Club, Mousehole AFC, MAFC"
  ],
  [
    "",
    "Shaftesbury",
    ""
  ],
  [
    "",
    "Tavistock",
    "Tavistock Association Football Club, Tavistock AFC"
  ],
  [
    "",
    "Thatcham Town",
    ""
  ],
  [
    "",
    "Westbury United",
    "Westbury United Football Club, WUFC"
  ],
  [
    "",
    "Willand Rovers",
    ""
  ],
  [
    "",
    "Yate Town",
    ""
  ],
  [
    "",
    "AFC Sudbury",
    ""
  ],
  [
    "",
    "AFC Telford United",
    "Telford United"
  ],
  [
    "",
    "Alvechurch",
    ""
  ],
  [
    "",
    "Banbury",
    "Banbury United"
  ],
  [
    "",
    "Barwell FC",
    ""
  ],
  [
    "",
    "Bedford Town",
    ""
  ],
  [
    "",
    "Biggleswade Town",
    ""
  ],
  [
    "",
    "Bishops Stortford",
    ""
  ],
  [
    "",
    "Bromsgrove Sporting",
    ""
  ],
  [
    "",
    "Halesowen Town",
    ""
  ],
  [
    "",
    "Harborough Town",
    "Harborough Town Football Club"
  ],
  [
    "",
    "Hitchin Town",
    ""
  ],
  [
    "",
    "Kettering Town",
    ""
  ],
  [
    "",
    "Leiston",
    ""
  ],
  [
    "",
    "Lowestoft Town",
    ""
  ],
  [
    "",
    "Redditch",
    "RUFC, Redditch United"
  ],
  [
    "",
    "Royston Town",
    ""
  ],
  [
    "",
    "Spalding United",
    ""
  ],
  [
    "",
    "St Ives Town",
    "St. Ives Town Football Club, St. Ives Town FC, Saint Ives FC"
  ],
  [
    "",
    "Stamford AFC",
    ""
  ],
  [
    "",
    "Stourbridge",
    ""
  ],
  [
    "",
    "Stratford Town",
    "Stratford Town Football Club, STFC, Tiddington, Stratford Town FC"
  ],
  [
    "",
    "Ashington AFC",
    "AshingtonAshington Association Football Club"
  ],
  [
    "",
    "Belper Town",
    ""
  ],
  [
    "",
    "Bishop Auckland",
    ""
  ],
  [
    "",
    "Bradford Park Avenue",
    ""
  ],
  [
    "",
    "Bridlington Town",
    ""
  ],
  [
    "",
    "Brighouse Town",
    "Brighouse Town Football Club, Brighouse Town AFC, BTAFC"
  ],
  [
    "",
    "Carlton Town",
    ""
  ],
  [
    "",
    "Cleethorpes Town",
    ""
  ],
  [
    "",
    "Consett",
    "Consett Association Football Club, Consett AFC"
  ],
  [
    "",
    "Dunston UTS",
    "Dunston UTS Football Club, DUTSFC, Dunston Football Club, Dunston FC"
  ],
  [
    "",
    "Emley",
    ""
  ],
  [
    "",
    "Garforth Town",
    ""
  ],
  [
    "",
    "Grimsby Borough",
    "Grimsby Borough Football Club, GBFC"
  ],
  [
    "",
    "Heaton Stannington",
    ""
  ],
  [
    "",
    "Liversedge",
    ""
  ],
  [
    "",
    "Newton Aycliffe",
    "Newton Aycliffe Football Club, NAFC"
  ],
  [
    "",
    "North Ferriby FC",
    "North Ferriby Football Club, NFFC,"
  ],
  [
    "",
    "Ossett United",
    "Ossett United Football Club, OUFC, Ossett Utd"
  ],
  [
    "",
    "Pontefract Collieries",
    ""
  ],
  [
    "",
    "Sheffield FC",
    ""
  ],
  [
    "",
    "Sherwood Colliery",
    ""
  ],
  [
    "",
    "Stocksbridge Park Steels",
    "Stocksbridge Park Steels Football Club"
  ],
  [
    "",
    "AFC Rushden and  Diamonds",
    ""
  ],
  [
    "",
    "Anstey Nomads",
    "Anstey Nomads Football Club, Anstey Nomads FC"
  ],
  [
    "",
    "Bedworth United",
    ""
  ],
  [
    "",
    "Boldmere St Michaels",
    "Boldmere St. Michaels Football Club, Boldmere Saint Michaels Football Club"
  ],
  [
    "",
    "Coleshill Town",
    ""
  ],
  [
    "",
    "Corby Town",
    ""
  ],
  [
    "",
    "Coventry Sphinx",
    "Coventry Sphinx Football Club, CSFC"
  ],
  [
    "",
    "Darlaston Town",
    ""
  ],
  [
    "",
    "Grantham Town",
    ""
  ],
  [
    "",
    "Hinckley Leicester Road",
    "Hinckley Leicester Road Football Club, HLRFC, Hinckley LRFC"
  ],
  [
    "",
    "Long Eaton United",
    "Long Eaton United Football Club, LEUFC"
  ],
  [
    "",
    "Loughborough Students",
    ""
  ],
  [
    "",
    "Lye Town",
    "Lye Town Football Club, Lye Town FC, LTFC"
  ],
  [
    "",
    "Quorn",
    "Quorn AFC, Quorn FC, Quorn Football Club, QFC, QAFC"
  ],
  [
    "",
    "Racing Club Warwick",
    ""
  ],
  [
    "",
    "Rugby Town",
    "RTFC, Rugby Town FC, Rugby Town Football Club"
  ],
  [
    "",
    "Shepshed Dynamo",
    ""
  ],
  [
    "",
    "Sporting Khalsa",
    ""
  ],
  [
    "",
    "Sutton Coldfield Town",
    ""
  ],
  [
    "",
    "Walsall Wood",
    "Walsall Wood FC, Walsall Wood Football Club, WWFC"
  ],
  [
    "",
    "Wellingborough Town",
    ""
  ],
  [
    "",
    "Worcester",
    "Worcester City Football Club"
  ],
  [
    "",
    "AFC Dunstable",
    ""
  ],
  [
    "",
    "Aylesbury",
    "Aylesbury United"
  ],
  [
    "",
    "Barton Rovers",
    ""
  ],
  [
    "",
    "Beaconsfield Town",
    ""
  ],
  [
    "",
    "Berkhamsted",
    ""
  ],
  [
    "",
    "Biggleswade",
    ""
  ],
  [
    "",
    "Enfield FC",
    "Enfield Football Club, Enfield 1893"
  ],
  [
    "",
    "Flackwell Heath",
    ""
  ],
  [
    "",
    "Hadley",
    "Hadley Football Club"
  ],
  [
    "",
    "Hertford Town",
    ""
  ],
  [
    "",
    "Kidlington",
    ""
  ],
  [
    "",
    "Kings Langley",
    ""
  ],
  [
    "",
    "Leighton Town",
    "Leighton Town Football Club, Leighton Town FC, LTFC"
  ],
  [
    "",
    "Leverstock Green",
    ""
  ],
  [
    "",
    "North Leigh",
    ""
  ],
  [
    "",
    "Northwood",
    ""
  ],
  [
    "",
    "Real Bedford",
    ""
  ],
  [
    "",
    "Stotfold",
    "Stotfold Football Club, Stotfold FC, SFC"
  ],
  [
    "",
    "Thame United",
    ""
  ],
  [
    "",
    "Ware",
    ""
  ],
  [
    "",
    "Welwyn Garden City",
    ""
  ],
  [
    "",
    "Atherton Collieries",
    "The Colls"
  ],
  [
    "",
    "Avro",
    "Avro Football Club, Avro FC"
  ],
  [
    "",
    "Bootle",
    ""
  ],
  [
    "",
    "Chasetown",
    ""
  ],
  [
    "",
    "City of Liverpool",
    "City of Liverpool Football Club, \tCity of Liverpool FC, CoLFC"
  ],
  [
    "",
    "Clitheroe",
    "Clitheroe Football Club,bClitheroe FC"
  ],
  [
    "",
    "Congleton Town",
    ""
  ],
  [
    "",
    "Hanley Town",
    "Hanley Town Football Club"
  ],
  [
    "",
    "Hednesford Town",
    "Hednesford Town Football Club, Hednesford Town FC"
  ],
  [
    "",
    "Kidsgrove Athletic",
    ""
  ],
  [
    "",
    "Mossley",
    "Mossley Association Football Club, Mossley AFC"
  ],
  [
    "",
    "Nantwich Town",
    ""
  ],
  [
    "",
    "Newcastle Town",
    ""
  ],
  [
    "",
    "Runcorn Linnets",
    ""
  ],
  [
    "",
    "Stafford Rangers",
    ""
  ],
  [
    "",
    "Stalybridge",
    "Stalybridge Celtic"
  ],
  [
    "",
    "Trafford",
    ""
  ],
  [
    "",
    "Vauxhall Motors",
    "Vauxhall Motors Football Club, VMFC, Vauxhall Motors FC"
  ],
  [
    "",
    "Widnes",
    ""
  ],
  [
    "",
    "Witton",
    ""
  ],
  [
    "",
    "Wythenshawe",
    ""
  ],
  [
    "",
    "Wythenshawe Town",
    ""
  ]
]